table,rows,hasModel,callers,component,emptyClass,compClass,refCols
Achievements,1067,true,7,main,,,templateId
BadgeCollections,0,false,3,main,unmodelled,,
Badges,0,true,6,main,modelled-called,,collectionId
ComebackChallenges,0,false,0,main,unmodelled,,userId
CommunicationDrafts,0,true,2,main,modelled-called,,clientId|trainerId
Communities,0,true,0,main,modelled-uncalled,,
EnhancedSocialPosts,0,true,3,main,modelled-called,,userId|communityId|workoutSessionId|challengeId|achievementId|originalPostId
EventAttendances,1,true,0,detached(1),,drift-suspect,eventId|userId|amountPaid
Exercises,916,true,22,main,,,
FactionMemberships,0,true,0,detached(2),modelled-uncalled,drift-suspect,userId|factionId
Factions,3,true,1,detached(2),,truly-isolated,
Friendships,2,true,2,main,,,requesterId|recipientId
GamificationSettings,1,true,4,detached(1),,truly-isolated,
Gamifications,1,false,3,main,,,userId
Hashtags,8,true,1,main,,,
Milestones,0,true,2,main,modelled-called,,
ModerationActions,0,true,1,main,modelled-called,,moderatorId|contentId|contentAuthorId|relatedReportId
Parties,0,true,1,detached(2),modelled-called,app-ref,leaderId
PartyMembers,0,true,0,detached(2),modelled-uncalled,drift-suspect,partyId|userId
PointTransactions,9,false,5,main,,,userId|sourceId
PostHashtags,4,true,2,main,,,postId|hashtagId
PostReports,0,true,4,main,modelled-called,,reporterId|contentId|contentAuthorId
Rewards,0,true,5,main,modelled-called,,
SequelizeMeta,372,false,9,detached(1),,truly-isolated,
SocialComments,0,true,5,main,modelled-called,,postId|userId|parentCommentId
SocialConnections,0,true,0,main,modelled-uncalled,,followerId|followingId
SocialEvents,1,true,0,detached(1),,drift-suspect,organizerId|communityId|workoutPlanId|challengeId
SocialGroupMembers,0,true,1,main,modelled-called,,groupId|userId
SocialGroups,0,true,3,main,modelled-called,,ownerId|conversationId
SocialLikes,14,true,5,main,,,userId|targetId
SocialPosts,2,true,9,main,,,userId|achievementId|userAchievementId|challengeId|originalPostId|groupId|workoutSessionId
UserAchievements,0,true,9,main,modelled-called,,achievementId|userId
UserBadges,0,false,5,main,unmodelled,,userId|badgeId
UserHashtagFollows,0,true,0,main,modelled-uncalled,,userId|hashtagId
UserMilestones,0,false,3,main,unmodelled,,userId|milestoneId
UserRewards,0,false,3,main,unmodelled,,userId|rewardId
Users,7,true,66,main,,,stripeCustomerId
WearableData,0,true,1,main,modelled-called,,userId|deviceId
_dead_WorkoutPlans_20260803,0,false,0,main,unmodelled,,userId
_dead_WorkoutSessions_20260803,0,false,0,main,unmodelled,,userId|workoutPlanId|workoutPlanDayId
_dead_users_20260803,9,false,0,detached(1),,truly-isolated,
_v3b3_seeder_log,32,false,0,detached(1),,truly-isolated,
achievement_crystallizations,0,false,3,main,unmodelled,,userId|achievementId
acquisition_events,239,true,1,detached(1),,truly-isolated,
admin_account_audit_logs,6,true,0,main,,,actorUserId|targetUserId
admin_notifications,0,true,1,main,modelled-called,,userId|transactionId
admin_settings,2,true,2,detached(1),,truly-isolated,
admin_specials,0,true,1,main,modelled-called,,
ai_command_audit_logs,20,true,0,main,,,userId|targetClientId|operationId
ai_consent_logs,13,true,0,main,,,userId|sourceId|actorUserId
ai_conversations,94,true,1,main,,,userId|targetUserId
ai_interaction_logs,6,true,2,main,,,userId
ai_metrics_bucket_users,28,false,1,detached(2),,drift-suspect,bucketId|userId
ai_metrics_buckets,28,true,1,detached(2),,truly-isolated,
ai_monitoring_alerts,6,true,0,detached(1),,truly-isolated,
ai_privacy_profiles,1,true,1,main,,,userId
auth_identities,0,true,0,main,modelled-uncalled,,userId
automation_logs,3,true,2,main,,,sequenceId|userId|leadId
automation_sequences,4,true,0,main,,,
avatar_homes,1,true,0,main,,,userId|factionId
body_map_evidence,0,true,0,main,modelled-uncalled,,painEntryId|userId|uploadedById|reviewedById
body_measurements,6,true,7,main,,,userId
bootcamp_class_log,1,true,1,main,,,templateId|trainerId
bootcamp_exercises,225,true,0,main,,,templateId|stationId|supersetGroupId|exerciseLibraryId
bootcamp_overflow_plans,0,true,0,main,modelled-uncalled,,templateId
bootcamp_space_profiles,0,true,1,main,modelled-called,,trainerId
bootcamp_sprints,0,true,0,main,modelled-uncalled,,trainerId|spaceProfileId|previousSprintId
bootcamp_stations,21,true,1,main,,,templateId
bootcamp_stretches,30,true,0,main,,,templateId|exerciseLibraryId
bootcamp_templates,6,true,1,main,,,trainerId|equipmentProfileId|spaceProfileId
business_metrics,0,true,0,main,modelled-uncalled,,topPackageId
cart_items,0,true,7,main,modelled-called,,cartId|storefrontItemId|productVariantId
challenge_participants,0,true,2,main,modelled-called,,userId|challengeId|teamId
challenge_submissions,0,true,0,main,modelled-uncalled,,submitted_by_user_id|assigned_trainer_id|reviewed_by_user_id|approved_challenge_id
challenges,18,true,24,main,,,
client_baseline_measurements,0,true,4,main,modelled-called,,userId|sessionId
client_notes,0,true,6,main,modelled-called,,userId|trainerId|relatedSessionId
client_nutrition_plans,0,true,2,main,modelled-called,,userId
client_onboarding_coverage_items,0,true,0,main,modelled-uncalled,,clientId
client_onboarding_questionnaires,2,true,4,main,,,userId
client_opt_phases,0,false,1,main,unmodelled,,client_id
client_pain_entries,0,true,4,main,modelled-called,,userId|createdById|episodeId
client_photos,0,true,2,main,modelled-called,,userId
client_progress,0,true,8,main,modelled-called,,userId
client_trainer_assignments,11,true,14,main,,,clientId|trainerId
clients_pii,1,false,4,main,,,client_id
coach_action_proposals,5,false,3,main,,,created_by_user_id|conversation_id|source_message_id|cipher_key_id
coach_intake_events,0,false,5,main,unmodelled,,intake_item_id|actor_id|correlation_id
coach_intake_items,0,false,8,main,unmodelled,,user_id|created_by_user_id|resolved_client_id|active_bundle_id|latest_proposal_id|cipher_key_id
contacts,15,true,9,main,,,userId
content_projects,1,true,0,main,,,source_id
continuing_education,0,false,0,main,unmodelled,,sourceId|holderUserId
conversation_participants,7,false,7,main,,,conversation_id|user_id
conversations,8,true,13,main,,,
corrective_homework_logs,0,false,1,main,unmodelled,,protocol_id|client_id
corrective_protocols,0,false,1,main,unmodelled,,client_id|assessment_id|assigned_by_trainer_id
credentials,1,false,41,main,,,sourceId|holderUserId
custom_exercises,0,true,0,main,modelled-uncalled,,trainerId|parentVersionId
custom_packages,0,true,0,main,modelled-uncalled,,clientId|createdByAdminId|storefrontItemId|approvedByAdminId
daily_hydrations,44,true,0,main,,,userId
daily_macro_logs,1,true,10,main,,,userId|aiConversationId|sourceRecordId|loggedByUserId|reviewedByUserId|draftId|clientRequestId
daily_workout_forms,108,true,10,main,,,session_id|client_id|trainer_id
e2ee_key_bundles,0,false,1,detached(2),unmodelled,drift-suspect,user_id|signed_prekey_id|registration_id|device_id
e2ee_one_time_prekeys,0,false,1,detached(2),unmodelled,app-ref,bundle_id|prekey_id
equipment,0,true,61,main,modelled-called,,
equipment_exercise_map,8,true,0,main,,,equipmentItemId|customExerciseId
equipment_items,10,true,3,main,,,profileId
equipment_profiles,3,true,5,main,,,trainerId
equipment_scan_candidates,0,true,0,main,modelled-uncalled,,sessionId|profileId|equipmentItemId|duplicateOfItemId
equipment_scan_sessions,0,true,0,main,modelled-uncalled,,profileId|trainerId
exercise_equipment,0,true,1,main,modelled-called,,exerciseId|equipmentId
exercise_library,0,true,6,main,modelled-called,,created_by_admin_id
exercise_muscle_groups,0,true,0,main,modelled-uncalled,,exerciseId|muscleGroupId
exercise_trends,0,true,0,main,modelled-uncalled,,
exercise_videos,0,false,4,main,unmodelled,,exercise_id|uploader_id|video_id
exercises,0,true,140,detached(1),modelled-called,truly-isolated,
financial_transactions,0,true,1,main,modelled-called,,userId|orderId|cartId|stripePaymentIntentId|stripeChargeId
flag_audit,8,false,1,detached(1),,truly-isolated,
flag_health,0,false,1,detached(1),unmodelled,truly-isolated,
flag_overrides,2,false,3,detached(2),,truly-isolated,
flags,3,false,45,detached(2),,truly-isolated,
food_ingredients,35,true,0,detached(1),,truly-isolated,
food_products,1,true,0,detached(1),,truly-isolated,
food_scan_history,0,true,5,main,modelled-called,,userId
form_analyses,0,true,1,main,modelled-called,,userId|trainerId|sessionId
gallery_donations,4,true,1,detached(8),,app-ref,visitor_id|event_id|stripe_payment_id
gallery_enhancement_requests,0,true,0,detached(8),modelled-uncalled,app-ref,visitor_id|photo_id
gallery_events,5,true,2,detached(8),,app-ref,cover_photo_id
gallery_messages,1,true,1,detached(8),,app-ref,visitor_id|event_id
gallery_photo_votes,0,true,0,detached(8),modelled-uncalled,app-ref,photo_id|visitor_id
gallery_photos,793,true,3,detached(8),,app-ref,event_id
gallery_referrals,0,true,1,detached(8),modelled-called,app-ref,visitor_id|event_id
gallery_visitors,36,true,2,detached(8),,drift-suspect,event_id|user_id
goal_comments,0,true,0,main,modelled-uncalled,,goalId|userId
goal_likes,0,true,0,main,modelled-uncalled,,goalId|userId
goal_milestones,0,true,0,main,modelled-uncalled,,goalId|badgeId
goal_supporters,0,true,0,main,modelled-uncalled,,goalId|supporterId
goals,4,true,51,main,,,userId|challengeId|externalId
hermes_tasks,0,true,0,main,modelled-uncalled,,
history_backfill_runs,0,true,1,main,modelled-called,,userId|trainerId
immigration_documents,41,false,3,main,,,user_id
immigration_tasks,53,false,3,main,,,user_id
knowledge_concepts,0,false,0,detached(1),unmodelled,truly-isolated,
knowledge_rules,0,false,0,main,unmodelled,,approvedByUserId|createdByUserId
knowledge_sources,10,false,0,main,,,reviewedByUserId|createdByUserId
lead_activities,19,true,0,detached(2),,drift-suspect,lead_id|performed_by_user_id
leads,12,true,13,detached(2),,drift-suspect,scheduled_session_id|converted_user_id|gallery_visitor_id|referred_by_user_id|assigned_trainer_id
long_term_program_plans,0,true,0,main,modelled-uncalled,,userId|aiGenerationRequestId|createdByUserId|approvedByUserId
magic_login_tokens,0,true,0,main,modelled-uncalled,,userId
marketing_calendar_items,0,true,0,detached(1),modelled-uncalled,app-ref,campaignId|postizPostId
marketing_campaigns,0,true,0,main,modelled-uncalled,,
measurement_milestones,0,true,2,main,modelled-called,,userId|measurementId
media_assets,0,true,1,main,modelled-called,,project_id|owner_user_id|job_id|exercise_id
message_receipts,0,false,5,main,unmodelled,,message_id|user_id
messages,9,true,54,main,,,conversation_id|sender_id|sender_device_id
migration_quarantine,1,false,1,detached(1),,truly-isolated,
movement_analyses,3,true,1,main,,,userId
movement_assessments,0,false,1,main,unmodelled,,client_id|assessor_trainer_id
movement_profiles,0,true,1,main,modelled-called,,userId|lastAnalysisId
muscle_groups,0,true,0,main,modelled-uncalled,,
notification_read_state,0,true,1,main,modelled-called,,adminId|refId
notification_settings,0,true,0,detached(1),modelled-uncalled,truly-isolated,
notifications,5,true,37,main,,,userId|senderId|relatedEntityId
nudge_dispatches,0,false,1,main,unmodelled,,userId
nutrition_log_revisions,0,true,1,detached(1),modelled-called,app-ref,macroLogId|ownerUserId|actorUserId
nutrition_source_records,0,true,0,main,modelled-uncalled,,userId|loggedByUserId|draftId
nutrition_targets,0,true,1,main,modelled-called,,userId
olympic_events,0,true,1,main,modelled-called,,userId
order_items,0,true,5,main,modelled-called,,orderId|storefrontItemId|productVariantId
orders,1,true,39,main,,,userId|cartId|trainer_id|paymentId|stripePaymentIntentId
orientations,0,true,3,main,modelled-called,,userId
packages,0,true,45,main,modelled-called,,
page_views,409,true,0,detached(1),,truly-isolated,
pain_entry_revisions,0,true,0,main,modelled-uncalled,,painEntryId|changedById
pending_movement_analysis_matches,4,true,0,main,,,movementAnalysisId|candidateUserId|reviewedByUserId
pending_waiver_matches,0,true,0,main,modelled-uncalled,,waiverRecordId|candidateUserId|reviewedByUserId
personal_records,0,true,6,main,modelled-called,,userId|sessionId|formId
phase_progression_history,0,false,1,main,unmodelled,,client_id|trainer_id
plaud_clip_mirror_jobs,2,true,4,main,,,clip_id
plaud_clips,2,true,11,main,,,clip_id|user_id|client_id|clip_external_id|applaud_event_id
plaud_merge_locks,0,true,3,main,modelled-called,,user_id|job_id
plaud_merge_requests,0,true,6,main,modelled-called,,merge_request_id|user_id|client_id|approved_workout_form_id|cipher_key_id
plaud_webhook_nonces,0,true,3,detached(1),modelled-called,truly-isolated,
print_orders,0,true,3,detached(1),modelled-called,app-ref,visitor_id|photo_id|event_id|stripe_session_id|print_provider_order_id
processed_stripe_sessions,0,false,3,detached(1),unmodelled,drift-suspect,userId|sessionId
product_variants,0,true,0,main,modelled-uncalled,,storefrontItemId
program_mesocycle_blocks,0,true,0,main,modelled-uncalled,,planId
progress_data,0,true,0,main,modelled-uncalled,,userId|challengeId|externalId
progress_reports,0,true,2,main,modelled-called,,userId|baselineMeasurementId|latestMeasurementId
recovery_activity_logs,0,true,0,main,modelled-uncalled,,userId|exerciseId
recovery_completions,0,true,1,main,modelled-called,,userId
render_agents,2,false,2,main,,,
renewal_alerts,0,true,2,main,modelled-called,,userId
rule_conflicts,0,false,0,main,unmodelled,,ruleAId|ruleBId|resolvedByUserId
rule_sources,0,false,0,main,unmodelled,,ruleId|sourceId
rule_versions,0,false,0,main,unmodelled,,ruleId|changedByUserId
service_credentials,0,false,0,detached(1),unmodelled,truly-isolated,
session_logs,0,false,1,main,unmodelled,,client_id|trainer_id|workout_template_id
session_packages,0,true,0,detached(1),modelled-uncalled,truly-isolated,
session_types,10,true,1,main,,,
sessions,12,true,191,main,,,userId|trainerId|recurringGroupId|sessionTypeId|bookedByAdminId
sets,0,true,84,main,modelled-called,,workoutExerciseId
shopping_carts,8,true,7,main,,,userId|checkoutSessionId|paymentIntentId
sms_suppressions,0,true,0,detached(1),modelled-uncalled,app-ref,message_sid
social_publishing_accounts,0,true,1,detached(1),modelled-called,app-ref,providerAccountId|credentialKeyId
social_publishing_attempts,0,true,1,detached(1),modelled-called,app-ref,jobId|accountId|providerPostId
social_publishing_jobs,0,true,1,detached(1),modelled-called,truly-isolated,
source_files,0,false,0,main,unmodelled,,sourceId
sprint_class_slots,0,true,0,main,modelled-uncalled,,weekId|sprintId|templateId|classLogId
sprint_exercise_memory,0,true,0,main,modelled-uncalled,,sprintId|slotId
sprint_weeks,0,true,0,main,modelled-uncalled,,sprintId
storefront_items,7,true,11,main,,,stripeProductId|stripePriceId
streaks,0,true,20,main,modelled-called,,userId
study_progress,0,false,1,main,unmodelled,,user_id
subscribers,1,true,2,detached(1),,truly-isolated,
subscriptions,3,true,4,main,,,userId|stripeSubscriptionId|stripeCustomerId
support_issue_events,0,true,0,main,modelled-uncalled,,issue_id|actor_user_id
support_issues,0,true,0,main,modelled-uncalled,,reporter_user_id|client_request_id|assigned_owner_user_id|duplicate_of_issue_id
tax_config,1,true,0,detached(1),,truly-isolated,
trainer_availability,0,true,3,main,modelled-called,,trainer_id
trainer_certifications,0,false,2,main,unmodelled,,trainer_id|verified_by_admin_id
trainer_commissions,0,true,4,main,modelled-called,,order_id|trainer_id|client_id|package_id|session_id
trainer_permissions,0,true,7,main,modelled-called,,trainerId
user_appearance_profiles,1,true,0,main,,,userId
user_dietary_identities,0,true,0,main,modelled-uncalled,,userId
user_feature_flags,0,true,1,detached(1),modelled-called,drift-suspect,userId
user_follows,0,true,1,main,modelled-called,,followerId|followingId
user_watch_history,0,true,1,main,modelled-called,,user_id|video_id
variation_logs,0,true,0,main,modelled-uncalled,,clientId|trainerId|equipmentProfileId
video_access_grants,0,true,1,main,modelled-called,,user_id|video_id|collection_id
video_analytics,0,false,3,main,unmodelled,,video_id|user_id|workout_id|session_id
video_catalog,0,true,7,main,modelled-called,,exercise_id|creator_id|youtube_video_id|youtube_channel_id
video_collection_items,0,true,1,main,modelled-called,,collectionId|videoId
video_collections,1,true,2,main,,,creatorId
video_job_log,0,true,1,detached(1),modelled-called,app-ref,job_id
video_outbound_clicks,0,true,1,main,modelled-called,,video_id|user_id|session_id
video_render_jobs,0,true,3,main,modelled-called,,user_id|project_id|exercise_id|parent_job_id|workflow_id
video_sessions,0,true,0,main,modelled-uncalled,,sessionId|trainerId|clientId|livekitRoomSid
waiver_consent_flags,12,true,0,main,,,waiverRecordId
waiver_record_versions,42,true,0,main,,,waiverRecordId|waiverVersionId
waiver_records,12,true,3,main,,,userId
waiver_versions,5,true,0,main,,,createdByUserId
workout_exercises,0,true,2,main,modelled-called,,workoutSessionId|exerciseId
workout_logs,1139,true,29,main,,,sessionId
workout_plan_completion_receipts,0,true,0,main,modelled-uncalled,,workout_plan_id|client_id|daily_workout_form_id|workout_session_id|assignment_id
workout_plan_day_exercises,0,true,0,main,modelled-uncalled,,workoutPlanDayId|exerciseId|alternateExerciseId
workout_plan_days,0,true,0,main,modelled-uncalled,,workoutPlanId
workout_plan_lifecycle_receipts,0,false,1,main,unmodelled,,plan_id|actor_id
workout_plan_pdf_derivatives,0,false,3,main,unmodelled,,plan_id
workout_plans,4,true,6,main,,,userId|trainer_id
workout_sessions,53,true,29,main,,,userId|workoutPlanId|workoutPlanDayId|trainerId|sessionId|clientRequestId
workout_templates,0,true,3,main,modelled-called,,created_by_admin_id|userId
workshop_notes,0,false,0,main,unmodelled,,workshopId|createdByUserId
workshops,1,false,0,main,,,sourceId|attendeeUserId
