"OriginalPath"	"ArchivePath"	"Classification"	"Reason"
"frontend\src\components\DashBoard\Pages\admin-video-studio"	"archive\pending-deletion\2026-05-17\frontend-lint-legacy-cleanup\frontend\src\components\DashBoard\Pages\admin-video-studio"	"orphaned candidate"	"Frontend-only legacy lint cleanup: unmounted/unreferenced source artifact after grep and route checks"
"frontend\src\components\Header\build-fix-applied.js"	"archive\pending-deletion\2026-05-17\frontend-lint-legacy-cleanup\frontend\src\components\Header\build-fix-applied.js"	"orphaned candidate"	"Frontend-only legacy lint cleanup: unmounted/unreferenced source artifact after grep and route checks"
"frontend\src\components\Header\comprehensive-test-simulation.js"	"archive\pending-deletion\2026-05-17\frontend-lint-legacy-cleanup\frontend\src\components\Header\comprehensive-test-simulation.js"	"orphaned candidate"	"Frontend-only legacy lint cleanup: unmounted/unreferenced source artifact after grep and route checks"
"frontend\src\components\Header\deployment-readiness-report.js"	"archive\pending-deletion\2026-05-17\frontend-lint-legacy-cleanup\frontend\src\components\Header\deployment-readiness-report.js"	"orphaned candidate"	"Frontend-only legacy lint cleanup: unmounted/unreferenced source artifact after grep and route checks"
"frontend\src\components\Header\fixes-verification-complete.js"	"archive\pending-deletion\2026-05-17\frontend-lint-legacy-cleanup\frontend\src\components\Header\fixes-verification-complete.js"	"orphaned candidate"	"Frontend-only legacy lint cleanup: unmounted/unreferenced source artifact after grep and route checks"
"frontend\src\components\Header\header-verification.js"	"archive\pending-deletion\2026-05-17\frontend-lint-legacy-cleanup\frontend\src\components\Header\header-verification.js"	"orphaned candidate"	"Frontend-only legacy lint cleanup: unmounted/unreferenced source artifact after grep and route checks"
"frontend\src\components\Header\theme-safety-patch.js"	"archive\pending-deletion\2026-05-17\frontend-lint-legacy-cleanup\frontend\src\components\Header\theme-safety-patch.js"	"orphaned candidate"	"Frontend-only legacy lint cleanup: unmounted/unreferenced source artifact after grep and route checks"
"frontend\src\components\DashBoard\Pages\admin-packages\admin-packages-view.V2.tsx"	"archive\pending-deletion\2026-05-17\frontend-lint-legacy-cleanup\frontend\src\components\DashBoard\Pages\admin-packages\admin-packages-view.V2.tsx"	"orphaned candidate"	"Frontend-only legacy lint cleanup: unmounted/unreferenced source artifact after grep and route checks"
"frontend\src\components\Reports\MediaManagementSystem.tsx"	"archive\pending-deletion\2026-05-17\frontend-lint-legacy-cleanup\frontend\src\components\Reports\MediaManagementSystem.tsx"	"orphaned candidate"	"Frontend-only legacy lint cleanup: unmounted/unreferenced source artifact after grep and route checks"
